<annotation>
	<folder></folder>
	<filename>25d3a4ea80_jpg.rf.dcc31f9174a1772ff8dcc63d32fe323c.jpg</filename>
	<path>25d3a4ea80_jpg.rf.dcc31f9174a1772ff8dcc63d32fe323c.jpg</path>
	<source>
		<database>roboflow.ai</database>
	</source>
	<size>
		<width>416</width>
		<height>416</height>
		<depth>3</depth>
	</size>
	<segmented>0</segmented>
	<object>
		<name>unhealthy</name>
		<pose>Unspecified</pose>
		<truncated>0</truncated>
		<difficult>0</difficult>
		<occluded>0</occluded>
		<bndbox>
			<xmin>94</xmin>
			<xmax>349</xmax>
			<ymin>8</ymin>
			<ymax>417</ymax>
		</bndbox>
	</object>
</annotation>
