<annotation>
	<folder></folder>
	<filename>25d3a4ea80_jpg.rf.6c5e495d4357d7b978c6acb0573ad75b.jpg</filename>
	<path>25d3a4ea80_jpg.rf.6c5e495d4357d7b978c6acb0573ad75b.jpg</path>
	<source>
		<database>roboflow.ai</database>
	</source>
	<size>
		<width>416</width>
		<height>416</height>
		<depth>3</depth>
	</size>
	<segmented>0</segmented>
	<object>
		<name>unhealthy</name>
		<pose>Unspecified</pose>
		<truncated>0</truncated>
		<difficult>0</difficult>
		<occluded>0</occluded>
		<bndbox>
			<xmin>11</xmin>
			<xmax>417</xmax>
			<ymin>95</ymin>
			<ymax>351</ymax>
		</bndbox>
	</object>
</annotation>
