<annotation>
	<folder></folder>
	<filename>41535425785_aaa1bf5770_b_jpg.rf.eaad5383299ea82ca6013da67b482aae.jpg</filename>
	<path>41535425785_aaa1bf5770_b_jpg.rf.eaad5383299ea82ca6013da67b482aae.jpg</path>
	<source>
		<database>roboflow.ai</database>
	</source>
	<size>
		<width>416</width>
		<height>416</height>
		<depth>3</depth>
	</size>
	<segmented>0</segmented>
	<object>
		<name>unhealthy</name>
		<pose>Unspecified</pose>
		<truncated>0</truncated>
		<difficult>0</difficult>
		<occluded>0</occluded>
		<bndbox>
			<xmin>23</xmin>
			<xmax>417</xmax>
			<ymin>3</ymin>
			<ymax>417</ymax>
		</bndbox>
	</object>
	<object>
		<name>unhealthy</name>
		<pose>Unspecified</pose>
		<truncated>0</truncated>
		<difficult>0</difficult>
		<occluded>0</occluded>
		<bndbox>
			<xmin>286</xmin>
			<xmax>415</xmax>
			<ymin>26</ymin>
			<ymax>183</ymax>
		</bndbox>
	</object>
	<object>
		<name>unhealthy</name>
		<pose>Unspecified</pose>
		<truncated>0</truncated>
		<difficult>0</difficult>
		<occluded>0</occluded>
		<bndbox>
			<xmin>330</xmin>
			<xmax>417</xmax>
			<ymin>34</ymin>
			<ymax>120</ymax>
		</bndbox>
	</object>
</annotation>
