<annotation>
	<folder></folder>
	<filename>421571150674327022e3a63035e83a26_jpg.rf.0199fcb1041a6de1076b5594504bae1c.jpg</filename>
	<path>421571150674327022e3a63035e83a26_jpg.rf.0199fcb1041a6de1076b5594504bae1c.jpg</path>
	<source>
		<database>roboflow.ai</database>
	</source>
	<size>
		<width>416</width>
		<height>416</height>
		<depth>3</depth>
	</size>
	<segmented>0</segmented>
	<object>
		<name>unhealthy</name>
		<pose>Unspecified</pose>
		<truncated>0</truncated>
		<difficult>0</difficult>
		<occluded>0</occluded>
		<bndbox>
			<xmin>1</xmin>
			<xmax>358</xmax>
			<ymin>14</ymin>
			<ymax>417</ymax>
		</bndbox>
	</object>
</annotation>
