<annotation>
	<folder></folder>
	<filename>Anthracnose-symptoms-on-mango-leaves-Left-mature-leaf-with-old-lesions-Right-young_Q320_jpg.rf.789088276e65236ddd26c09d2c75e315.jpg</filename>
	<path>Anthracnose-symptoms-on-mango-leaves-Left-mature-leaf-with-old-lesions-Right-young_Q320_jpg.rf.789088276e65236ddd26c09d2c75e315.jpg</path>
	<source>
		<database>roboflow.ai</database>
	</source>
	<size>
		<width>416</width>
		<height>416</height>
		<depth>3</depth>
	</size>
	<segmented>0</segmented>
	<object>
		<name>unhealthy</name>
		<pose>Unspecified</pose>
		<truncated>0</truncated>
		<difficult>0</difficult>
		<occluded>0</occluded>
		<bndbox>
			<xmin>51</xmin>
			<xmax>416</xmax>
			<ymin>1</ymin>
			<ymax>171</ymax>
		</bndbox>
	</object>
	<object>
		<name>unhealthy</name>
		<pose>Unspecified</pose>
		<truncated>0</truncated>
		<difficult>0</difficult>
		<occluded>0</occluded>
		<bndbox>
			<xmin>1</xmin>
			<xmax>407</xmax>
			<ymin>205</ymin>
			<ymax>396</ymax>
		</bndbox>
	</object>
</annotation>
