<annotation>
	<folder></folder>
	<filename>anthracnose-disease-mango-leaf-anthracnose-disease-mango-leaf-key-pest-mango-caused-fungi-247112690_jpg.rf.0b7352de8aff7deebcd385d3b867c4d0.jpg</filename>
	<path>anthracnose-disease-mango-leaf-anthracnose-disease-mango-leaf-key-pest-mango-caused-fungi-247112690_jpg.rf.0b7352de8aff7deebcd385d3b867c4d0.jpg</path>
	<source>
		<database>roboflow.ai</database>
	</source>
	<size>
		<width>416</width>
		<height>416</height>
		<depth>3</depth>
	</size>
	<segmented>0</segmented>
	<object>
		<name>unhealthy</name>
		<pose>Unspecified</pose>
		<truncated>0</truncated>
		<difficult>0</difficult>
		<occluded>0</occluded>
		<bndbox>
			<xmin>72</xmin>
			<xmax>295</xmax>
			<ymin>115</ymin>
			<ymax>331</ymax>
		</bndbox>
	</object>
	<object>
		<name>unhealthy</name>
		<pose>Unspecified</pose>
		<truncated>0</truncated>
		<difficult>0</difficult>
		<occluded>0</occluded>
		<bndbox>
			<xmin>248</xmin>
			<xmax>405</xmax>
			<ymin>122</ymin>
			<ymax>322</ymax>
		</bndbox>
	</object>
	<object>
		<name>unhealthy</name>
		<pose>Unspecified</pose>
		<truncated>0</truncated>
		<difficult>0</difficult>
		<occluded>0</occluded>
		<bndbox>
			<xmin>310</xmin>
			<xmax>417</xmax>
			<ymin>91</ymin>
			<ymax>220</ymax>
		</bndbox>
	</object>
	<object>
		<name>unhealthy</name>
		<pose>Unspecified</pose>
		<truncated>0</truncated>
		<difficult>0</difficult>
		<occluded>0</occluded>
		<bndbox>
			<xmin>395</xmin>
			<xmax>417</xmax>
			<ymin>171</ymin>
			<ymax>297</ymax>
		</bndbox>
	</object>
	<object>
		<name>unhealthy</name>
		<pose>Unspecified</pose>
		<truncated>0</truncated>
		<difficult>0</difficult>
		<occluded>0</occluded>
		<bndbox>
			<xmin>388</xmin>
			<xmax>417</xmax>
			<ymin>67</ymin>
			<ymax>167</ymax>
		</bndbox>
	</object>
	<object>
		<name>unhealthy</name>
		<pose>Unspecified</pose>
		<truncated>0</truncated>
		<difficult>0</difficult>
		<occluded>0</occluded>
		<bndbox>
			<xmin>8</xmin>
			<xmax>276</xmax>
			<ymin>82</ymin>
			<ymax>157</ymax>
		</bndbox>
	</object>
	<object>
		<name>unhealthy</name>
		<pose>Unspecified</pose>
		<truncated>0</truncated>
		<difficult>0</difficult>
		<occluded>0</occluded>
		<bndbox>
			<xmin>73</xmin>
			<xmax>271</xmax>
			<ymin>61</ymin>
			<ymax>128</ymax>
		</bndbox>
	</object>
	<object>
		<name>unhealthy</name>
		<pose>Unspecified</pose>
		<truncated>0</truncated>
		<difficult>0</difficult>
		<occluded>0</occluded>
		<bndbox>
			<xmin>192</xmin>
			<xmax>310</xmax>
			<ymin>50</ymin>
			<ymax>111</ymax>
		</bndbox>
	</object>
	<object>
		<name>healthy</name>
		<pose>Unspecified</pose>
		<truncated>0</truncated>
		<difficult>0</difficult>
		<occluded>0</occluded>
		<bndbox>
			<xmin>284</xmin>
			<xmax>375</xmax>
			<ymin>74</ymin>
			<ymax>109</ymax>
		</bndbox>
	</object>
</annotation>
