<annotation>
	<folder></folder>
	<filename>anthracnose-disease-mango-leaf-anthracnose-disease-mango-leaf-key-pest-mango-caused-fungi-247112690_jpg.rf.693d8eb8c9faf6dc9059453b7df77710.jpg</filename>
	<path>anthracnose-disease-mango-leaf-anthracnose-disease-mango-leaf-key-pest-mango-caused-fungi-247112690_jpg.rf.693d8eb8c9faf6dc9059453b7df77710.jpg</path>
	<source>
		<database>roboflow.ai</database>
	</source>
	<size>
		<width>416</width>
		<height>416</height>
		<depth>3</depth>
	</size>
	<segmented>0</segmented>
	<object>
		<name>unhealthy</name>
		<pose>Unspecified</pose>
		<truncated>0</truncated>
		<difficult>0</difficult>
		<occluded>0</occluded>
		<bndbox>
			<xmin>38</xmin>
			<xmax>263</xmax>
			<ymin>85</ymin>
			<ymax>294</ymax>
		</bndbox>
	</object>
	<object>
		<name>unhealthy</name>
		<pose>Unspecified</pose>
		<truncated>0</truncated>
		<difficult>0</difficult>
		<occluded>0</occluded>
		<bndbox>
			<xmin>215</xmin>
			<xmax>373</xmax>
			<ymin>88</ymin>
			<ymax>282</ymax>
		</bndbox>
	</object>
	<object>
		<name>unhealthy</name>
		<pose>Unspecified</pose>
		<truncated>0</truncated>
		<difficult>0</difficult>
		<occluded>0</occluded>
		<bndbox>
			<xmin>277</xmin>
			<xmax>401</xmax>
			<ymin>187</ymin>
			<ymax>312</ymax>
		</bndbox>
	</object>
	<object>
		<name>unhealthy</name>
		<pose>Unspecified</pose>
		<truncated>0</truncated>
		<difficult>0</difficult>
		<occluded>0</occluded>
		<bndbox>
			<xmin>362</xmin>
			<xmax>408</xmax>
			<ymin>108</ymin>
			<ymax>232</ymax>
		</bndbox>
	</object>
	<object>
		<name>unhealthy</name>
		<pose>Unspecified</pose>
		<truncated>0</truncated>
		<difficult>0</difficult>
		<occluded>0</occluded>
		<bndbox>
			<xmin>355</xmin>
			<xmax>397</xmax>
			<ymin>238</ymin>
			<ymax>336</ymax>
		</bndbox>
	</object>
	<object>
		<name>unhealthy</name>
		<pose>Unspecified</pose>
		<truncated>0</truncated>
		<difficult>0</difficult>
		<occluded>0</occluded>
		<bndbox>
			<xmin>1</xmin>
			<xmax>243</xmax>
			<ymin>262</ymin>
			<ymax>327</ymax>
		</bndbox>
	</object>
	<object>
		<name>unhealthy</name>
		<pose>Unspecified</pose>
		<truncated>0</truncated>
		<difficult>0</difficult>
		<occluded>0</occluded>
		<bndbox>
			<xmin>39</xmin>
			<xmax>238</xmax>
			<ymin>287</ymin>
			<ymax>348</ymax>
		</bndbox>
	</object>
	<object>
		<name>unhealthy</name>
		<pose>Unspecified</pose>
		<truncated>0</truncated>
		<difficult>0</difficult>
		<occluded>0</occluded>
		<bndbox>
			<xmin>159</xmin>
			<xmax>276</xmax>
			<ymin>300</ymin>
			<ymax>357</ymax>
		</bndbox>
	</object>
	<object>
		<name>healthy</name>
		<pose>Unspecified</pose>
		<truncated>0</truncated>
		<difficult>0</difficult>
		<occluded>0</occluded>
		<bndbox>
			<xmin>251</xmin>
			<xmax>341</xmax>
			<ymin>300</ymin>
			<ymax>332</ymax>
		</bndbox>
	</object>
</annotation>
