<annotation>
	<folder></folder>
	<filename>anthracnose-disease-mango-leaf-key-pest-mango-caused-fungi-anthracnose-disease-mango-leaf-247112674_jpg.rf.bc612a13aa70aec2e0b1afb09a66bfe2.jpg</filename>
	<path>anthracnose-disease-mango-leaf-key-pest-mango-caused-fungi-anthracnose-disease-mango-leaf-247112674_jpg.rf.bc612a13aa70aec2e0b1afb09a66bfe2.jpg</path>
	<source>
		<database>roboflow.ai</database>
	</source>
	<size>
		<width>416</width>
		<height>416</height>
		<depth>3</depth>
	</size>
	<segmented>0</segmented>
	<object>
		<name>unhealthy</name>
		<pose>Unspecified</pose>
		<truncated>0</truncated>
		<difficult>0</difficult>
		<occluded>0</occluded>
		<bndbox>
			<xmin>314</xmin>
			<xmax>399</xmax>
			<ymin>302</ymin>
			<ymax>399</ymax>
		</bndbox>
	</object>
	<object>
		<name>unhealthy</name>
		<pose>Unspecified</pose>
		<truncated>0</truncated>
		<difficult>0</difficult>
		<occluded>0</occluded>
		<bndbox>
			<xmin>364</xmin>
			<xmax>417</xmax>
			<ymin>257</ymin>
			<ymax>383</ymax>
		</bndbox>
	</object>
	<object>
		<name>unhealthy</name>
		<pose>Unspecified</pose>
		<truncated>0</truncated>
		<difficult>0</difficult>
		<occluded>0</occluded>
		<bndbox>
			<xmin>65</xmin>
			<xmax>327</xmax>
			<ymin>110</ymin>
			<ymax>293</ymax>
		</bndbox>
	</object>
	<object>
		<name>unhealthy</name>
		<pose>Unspecified</pose>
		<truncated>0</truncated>
		<difficult>0</difficult>
		<occluded>0</occluded>
		<bndbox>
			<xmin>67</xmin>
			<xmax>298</xmax>
			<ymin>254</ymin>
			<ymax>355</ymax>
		</bndbox>
	</object>
	<object>
		<name>healthy</name>
		<pose>Unspecified</pose>
		<truncated>0</truncated>
		<difficult>0</difficult>
		<occluded>0</occluded>
		<bndbox>
			<xmin>12</xmin>
			<xmax>112</xmax>
			<ymin>318</ymin>
			<ymax>417</ymax>
		</bndbox>
	</object>
	<object>
		<name>healthy</name>
		<pose>Unspecified</pose>
		<truncated>0</truncated>
		<difficult>0</difficult>
		<occluded>0</occluded>
		<bndbox>
			<xmin>20</xmin>
			<xmax>158</xmax>
			<ymin>126</ymin>
			<ymax>224</ymax>
		</bndbox>
	</object>
	<object>
		<name>unhealthy</name>
		<pose>Unspecified</pose>
		<truncated>0</truncated>
		<difficult>0</difficult>
		<occluded>0</occluded>
		<bndbox>
			<xmin>43</xmin>
			<xmax>182</xmax>
			<ymin>1</ymin>
			<ymax>146</ymax>
		</bndbox>
	</object>
</annotation>
