<annotation>
	<folder></folder>
	<filename>anthracnose-disease-mango-leaf-key-pest-mango-caused-fungi-anthracnose-disease-mango-leaf-247112674_jpg.rf.ced31af739eb0efdb2b0e0a8876f6fa7.jpg</filename>
	<path>anthracnose-disease-mango-leaf-key-pest-mango-caused-fungi-anthracnose-disease-mango-leaf-247112674_jpg.rf.ced31af739eb0efdb2b0e0a8876f6fa7.jpg</path>
	<source>
		<database>roboflow.ai</database>
	</source>
	<size>
		<width>416</width>
		<height>416</height>
		<depth>3</depth>
	</size>
	<segmented>0</segmented>
	<object>
		<name>unhealthy</name>
		<pose>Unspecified</pose>
		<truncated>0</truncated>
		<difficult>0</difficult>
		<occluded>0</occluded>
		<bndbox>
			<xmin>301</xmin>
			<xmax>382</xmax>
			<ymin>299</ymin>
			<ymax>398</ymax>
		</bndbox>
	</object>
	<object>
		<name>unhealthy</name>
		<pose>Unspecified</pose>
		<truncated>0</truncated>
		<difficult>0</difficult>
		<occluded>0</occluded>
		<bndbox>
			<xmin>352</xmin>
			<xmax>414</xmax>
			<ymin>254</ymin>
			<ymax>381</ymax>
		</bndbox>
	</object>
	<object>
		<name>unhealthy</name>
		<pose>Unspecified</pose>
		<truncated>0</truncated>
		<difficult>0</difficult>
		<occluded>0</occluded>
		<bndbox>
			<xmin>59</xmin>
			<xmax>316</xmax>
			<ymin>108</ymin>
			<ymax>293</ymax>
		</bndbox>
	</object>
	<object>
		<name>unhealthy</name>
		<pose>Unspecified</pose>
		<truncated>0</truncated>
		<difficult>0</difficult>
		<occluded>0</occluded>
		<bndbox>
			<xmin>56</xmin>
			<xmax>284</xmax>
			<ymin>252</ymin>
			<ymax>355</ymax>
		</bndbox>
	</object>
	<object>
		<name>healthy</name>
		<pose>Unspecified</pose>
		<truncated>0</truncated>
		<difficult>0</difficult>
		<occluded>0</occluded>
		<bndbox>
			<xmin>1</xmin>
			<xmax>95</xmax>
			<ymin>318</ymin>
			<ymax>417</ymax>
		</bndbox>
	</object>
	<object>
		<name>healthy</name>
		<pose>Unspecified</pose>
		<truncated>0</truncated>
		<difficult>0</difficult>
		<occluded>0</occluded>
		<bndbox>
			<xmin>14</xmin>
			<xmax>149</xmax>
			<ymin>125</ymin>
			<ymax>224</ymax>
		</bndbox>
	</object>
	<object>
		<name>unhealthy</name>
		<pose>Unspecified</pose>
		<truncated>0</truncated>
		<difficult>0</difficult>
		<occluded>0</occluded>
		<bndbox>
			<xmin>42</xmin>
			<xmax>176</xmax>
			<ymin>1</ymin>
			<ymax>145</ymax>
		</bndbox>
	</object>
</annotation>
