<annotation>
	<folder></folder>
	<filename>dry-and-green-leaf-isolated-on-white-background-K6WPG2_jpg.rf.b33789e90ecd5ff625f84ebc433830ad.jpg</filename>
	<path>dry-and-green-leaf-isolated-on-white-background-K6WPG2_jpg.rf.b33789e90ecd5ff625f84ebc433830ad.jpg</path>
	<source>
		<database>roboflow.ai</database>
	</source>
	<size>
		<width>416</width>
		<height>416</height>
		<depth>3</depth>
	</size>
	<segmented>0</segmented>
	<object>
		<name>healthy</name>
		<pose>Unspecified</pose>
		<truncated>0</truncated>
		<difficult>0</difficult>
		<occluded>0</occluded>
		<bndbox>
			<xmin>65</xmin>
			<xmax>412</xmax>
			<ymin>257</ymin>
			<ymax>417</ymax>
		</bndbox>
	</object>
	<object>
		<name>unhealthy</name>
		<pose>Unspecified</pose>
		<truncated>0</truncated>
		<difficult>0</difficult>
		<occluded>0</occluded>
		<bndbox>
			<xmin>99</xmin>
			<xmax>388</xmax>
			<ymin>49</ymin>
			<ymax>279</ymax>
		</bndbox>
	</object>
</annotation>
