<annotation>
	<folder></folder>
	<filename>IMG20221019113945_jpg.rf.e9fba721245a2db3fc4a946294abde0b.jpg</filename>
	<path>IMG20221019113945_jpg.rf.e9fba721245a2db3fc4a946294abde0b.jpg</path>
	<source>
		<database>roboflow.ai</database>
	</source>
	<size>
		<width>416</width>
		<height>416</height>
		<depth>3</depth>
	</size>
	<segmented>0</segmented>
	<object>
		<name>healthy</name>
		<pose>Unspecified</pose>
		<truncated>0</truncated>
		<difficult>0</difficult>
		<occluded>0</occluded>
		<bndbox>
			<xmin>66</xmin>
			<xmax>315</xmax>
			<ymin>92</ymin>
			<ymax>337</ymax>
		</bndbox>
	</object>
	<object>
		<name>healthy</name>
		<pose>Unspecified</pose>
		<truncated>0</truncated>
		<difficult>0</difficult>
		<occluded>0</occluded>
		<bndbox>
			<xmin>1</xmin>
			<xmax>121</xmax>
			<ymin>1</ymin>
			<ymax>189</ymax>
		</bndbox>
	</object>
	<object>
		<name>healthy</name>
		<pose>Unspecified</pose>
		<truncated>0</truncated>
		<difficult>0</difficult>
		<occluded>0</occluded>
		<bndbox>
			<xmin>163</xmin>
			<xmax>417</xmax>
			<ymin>1</ymin>
			<ymax>280</ymax>
		</bndbox>
	</object>
</annotation>
