<annotation>
	<folder></folder>
	<filename>IMG20220828101532_jpg.rf.9f3fbf4899292e3a6349d53a6bb1c38a.jpg</filename>
	<path>IMG20220828101532_jpg.rf.9f3fbf4899292e3a6349d53a6bb1c38a.jpg</path>
	<source>
		<database>roboflow.ai</database>
	</source>
	<size>
		<width>416</width>
		<height>416</height>
		<depth>3</depth>
	</size>
	<segmented>0</segmented>
	<object>
		<name>unhealthy</name>
		<pose>Unspecified</pose>
		<truncated>0</truncated>
		<difficult>0</difficult>
		<occluded>0</occluded>
		<bndbox>
			<xmin>77</xmin>
			<xmax>328</xmax>
			<ymin>80</ymin>
			<ymax>308</ymax>
		</bndbox>
	</object>
</annotation>
