<annotation>
	<folder></folder>
	<filename>IMG20220828101532_jpg.rf.e708f8164d696e8436502a8a617b5864.jpg</filename>
	<path>IMG20220828101532_jpg.rf.e708f8164d696e8436502a8a617b5864.jpg</path>
	<source>
		<database>roboflow.ai</database>
	</source>
	<size>
		<width>416</width>
		<height>416</height>
		<depth>3</depth>
	</size>
	<segmented>0</segmented>
	<object>
		<name>unhealthy</name>
		<pose>Unspecified</pose>
		<truncated>0</truncated>
		<difficult>0</difficult>
		<occluded>0</occluded>
		<bndbox>
			<xmin>96</xmin>
			<xmax>365</xmax>
			<ymin>86</ymin>
			<ymax>330</ymax>
		</bndbox>
	</object>
</annotation>
