<annotation>
	<folder></folder>
	<filename>IMG_20220821_131929_jpg.rf.d0b62634b75e38be4ee98ff871432da3.jpg</filename>
	<path>IMG_20220821_131929_jpg.rf.d0b62634b75e38be4ee98ff871432da3.jpg</path>
	<source>
		<database>roboflow.ai</database>
	</source>
	<size>
		<width>416</width>
		<height>416</height>
		<depth>3</depth>
	</size>
	<segmented>0</segmented>
	<object>
		<name>unhealthy</name>
		<pose>Unspecified</pose>
		<truncated>0</truncated>
		<difficult>0</difficult>
		<occluded>0</occluded>
		<bndbox>
			<xmin>125</xmin>
			<xmax>247</xmax>
			<ymin>241</ymin>
			<ymax>345</ymax>
		</bndbox>
	</object>
	<object>
		<name>unhealthy</name>
		<pose>Unspecified</pose>
		<truncated>0</truncated>
		<difficult>0</difficult>
		<occluded>0</occluded>
		<bndbox>
			<xmin>90</xmin>
			<xmax>295</xmax>
			<ymin>97</ymin>
			<ymax>212</ymax>
		</bndbox>
	</object>
	<object>
		<name>healthy</name>
		<pose>Unspecified</pose>
		<truncated>0</truncated>
		<difficult>0</difficult>
		<occluded>0</occluded>
		<bndbox>
			<xmin>48</xmin>
			<xmax>310</xmax>
			<ymin>1</ymin>
			<ymax>161</ymax>
		</bndbox>
	</object>
	<object>
		<name>healthy</name>
		<pose>Unspecified</pose>
		<truncated>0</truncated>
		<difficult>0</difficult>
		<occluded>0</occluded>
		<bndbox>
			<xmin>6</xmin>
			<xmax>198</xmax>
			<ymin>157</ymin>
			<ymax>414</ymax>
		</bndbox>
	</object>
</annotation>
