<annotation>
	<folder></folder>
	<filename>IMG_20220821_131928_jpg.rf.9ea085d9e63f51b5a77a8b96d3132741.jpg</filename>
	<path>IMG_20220821_131928_jpg.rf.9ea085d9e63f51b5a77a8b96d3132741.jpg</path>
	<source>
		<database>roboflow.ai</database>
	</source>
	<size>
		<width>416</width>
		<height>416</height>
		<depth>3</depth>
	</size>
	<segmented>0</segmented>
	<object>
		<name>unhealthy</name>
		<pose>Unspecified</pose>
		<truncated>0</truncated>
		<difficult>0</difficult>
		<occluded>0</occluded>
		<bndbox>
			<xmin>40</xmin>
			<xmax>147</xmax>
			<ymin>185</ymin>
			<ymax>318</ymax>
		</bndbox>
	</object>
	<object>
		<name>unhealthy</name>
		<pose>Unspecified</pose>
		<truncated>0</truncated>
		<difficult>0</difficult>
		<occluded>0</occluded>
		<bndbox>
			<xmin>163</xmin>
			<xmax>280</xmax>
			<ymin>142</ymin>
			<ymax>360</ymax>
		</bndbox>
	</object>
	<object>
		<name>healthy</name>
		<pose>Unspecified</pose>
		<truncated>0</truncated>
		<difficult>0</difficult>
		<occluded>0</occluded>
		<bndbox>
			<xmin>221</xmin>
			<xmax>380</xmax>
			<ymin>124</ymin>
			<ymax>408</ymax>
		</bndbox>
	</object>
	<object>
		<name>healthy</name>
		<pose>Unspecified</pose>
		<truncated>0</truncated>
		<difficult>0</difficult>
		<occluded>0</occluded>
		<bndbox>
			<xmin>1</xmin>
			<xmax>222</xmax>
			<ymin>253</ymin>
			<ymax>417</ymax>
		</bndbox>
	</object>
</annotation>
