<annotation>
	<folder></folder>
	<filename>IMG_20220821_131805_jpg.rf.547fcea5c9628e7d5e0c3fd46feb03da.jpg</filename>
	<path>IMG_20220821_131805_jpg.rf.547fcea5c9628e7d5e0c3fd46feb03da.jpg</path>
	<source>
		<database>roboflow.ai</database>
	</source>
	<size>
		<width>416</width>
		<height>416</height>
		<depth>3</depth>
	</size>
	<segmented>0</segmented>
	<object>
		<name>unhealthy</name>
		<pose>Unspecified</pose>
		<truncated>0</truncated>
		<difficult>0</difficult>
		<occluded>0</occluded>
		<bndbox>
			<xmin>213</xmin>
			<xmax>356</xmax>
			<ymin>9</ymin>
			<ymax>210</ymax>
		</bndbox>
	</object>
	<object>
		<name>healthy</name>
		<pose>Unspecified</pose>
		<truncated>0</truncated>
		<difficult>0</difficult>
		<occluded>0</occluded>
		<bndbox>
			<xmin>1</xmin>
			<xmax>235</xmax>
			<ymin>1</ymin>
			<ymax>141</ymax>
		</bndbox>
	</object>
	<object>
		<name>unhealthy</name>
		<pose>Unspecified</pose>
		<truncated>0</truncated>
		<difficult>0</difficult>
		<occluded>0</occluded>
		<bndbox>
			<xmin>2</xmin>
			<xmax>216</xmax>
			<ymin>107</ymin>
			<ymax>249</ymax>
		</bndbox>
	</object>
	<object>
		<name>healthy</name>
		<pose>Unspecified</pose>
		<truncated>0</truncated>
		<difficult>0</difficult>
		<occluded>0</occluded>
		<bndbox>
			<xmin>1</xmin>
			<xmax>100</xmax>
			<ymin>358</ymin>
			<ymax>417</ymax>
		</bndbox>
	</object>
</annotation>
