<annotation>
	<folder></folder>
	<filename>IMG_20220821_131930_jpg.rf.9936d020bb5b231f828ffe219ed6e404.jpg</filename>
	<path>IMG_20220821_131930_jpg.rf.9936d020bb5b231f828ffe219ed6e404.jpg</path>
	<source>
		<database>roboflow.ai</database>
	</source>
	<size>
		<width>416</width>
		<height>416</height>
		<depth>3</depth>
	</size>
	<segmented>0</segmented>
	<object>
		<name>unhealthy</name>
		<pose>Unspecified</pose>
		<truncated>0</truncated>
		<difficult>0</difficult>
		<occluded>0</occluded>
		<bndbox>
			<xmin>60</xmin>
			<xmax>157</xmax>
			<ymin>183</ymin>
			<ymax>302</ymax>
		</bndbox>
	</object>
	<object>
		<name>unhealthy</name>
		<pose>Unspecified</pose>
		<truncated>0</truncated>
		<difficult>0</difficult>
		<occluded>0</occluded>
		<bndbox>
			<xmin>183</xmin>
			<xmax>274</xmax>
			<ymin>137</ymin>
			<ymax>334</ymax>
		</bndbox>
	</object>
	<object>
		<name>healthy</name>
		<pose>Unspecified</pose>
		<truncated>0</truncated>
		<difficult>0</difficult>
		<occluded>0</occluded>
		<bndbox>
			<xmin>232</xmin>
			<xmax>362</xmax>
			<ymin>124</ymin>
			<ymax>380</ymax>
		</bndbox>
	</object>
	<object>
		<name>healthy</name>
		<pose>Unspecified</pose>
		<truncated>0</truncated>
		<difficult>0</difficult>
		<occluded>0</occluded>
		<bndbox>
			<xmin>5</xmin>
			<xmax>230</xmax>
			<ymin>231</ymin>
			<ymax>401</ymax>
		</bndbox>
	</object>
</annotation>
